id,start,end,label
1,0.11609977324263039,15.232290249433106,1
2,15.232290249433106,147.16807256235828,0
3,147.16807256235828,176.4716553287982,2
4,176.4716553287982,191.12344671201814,1
5,191.12344671201814,235.56643990929706,0
6,235.56643990929706,250.1253514739229,1
