id,start,end,label
1,0.11609977324263039,15.975328798185942,2
2,15.975328798185942,32.55437641723356,1
3,32.55437641723356,149.2346485260771,0
4,149.2346485260771,179.21160997732426,1
5,179.21160997732426,209.58331065759637,0
6,209.58331065759637,213.22884353741497,2
