id,start,end,label
1,0.23219954648526078,24.56671201814059,1
2,24.56671201814059,46.068390022675736,0
3,46.068390022675736,80.5732426303855,1
4,80.5732426303855,102.56253968253968,0
5,102.56253968253968,213.04308390022675,1
6,213.04308390022675,224.23510204081632,2
