id,start,end,label
1,2.020136054421769,26.70294784580499,2
2,26.70294784580499,46.53278911564626,1
3,46.53278911564626,69.35800453514739,0
4,69.35800453514739,201.36344671201815,1
5,201.36344671201815,220.68244897959184,0
6,220.68244897959184,234.05714285714285,2
