id,start,end,label
1,0.23219954648526078,4.96907029478458,2
2,4.96907029478458,21.037278911564627,1
3,21.037278911564627,161.86630385487527,0
4,161.86630385487527,192.93460317460318,1
5,192.93460317460318,228.64689342403628,0
6,228.64689342403628,233.31410430839003,1
7,233.31410430839003,235.21814058956917,2
