id,start,end,label
1,0.23219954648526078,5.479909297052155,3
2,5.479909297052155,19.99238095238095,2
3,19.99238095238095,36.548208616780045,1
4,36.548208616780045,54.68299319727891,0
5,54.68299319727891,94.55165532879819,1
6,94.55165532879819,129.24226757369615,0
7,129.24226757369615,162.37714285714284,1
8,162.37714285714284,195.001179138322,2
9,195.001179138322,228.64689342403628,0
10,228.64689342403628,230.20263038548754,2
11,230.20263038548754,235.21814058956917,3
