id,start,end,label
1,0.11609977324263039,15.975328798185942,3
2,15.975328798185942,32.55437641723356,1
3,32.55437641723356,74.07165532879819,0
4,74.07165532879819,77.29922902494332,2
5,77.29922902494332,118.79328798185941,0
6,118.79328798185941,120.14004535147393,2
7,120.14004535147393,133.07356009070295,0
8,133.07356009070295,149.2346485260771,2
9,149.2346485260771,178.2828117913832,1
10,178.2828117913832,209.58331065759637,0
11,209.58331065759637,213.22884353741497,3
