id,start,end,label
1,0.23219954648526078,24.56671201814059,0
2,24.56671201814059,47.06684807256236,2
3,47.06684807256236,80.5732426303855,0
4,80.5732426303855,103.07337868480725,2
5,103.07337868480725,136.57977324263038,0
6,136.57977324263038,170.66666666666666,1
7,170.66666666666666,213.04308390022675,0
8,213.04308390022675,224.23510204081632,3
