id,start,end,label
1,0.0,139.78408163265306
2,139.78408163265306,147.09836734693877
3,147.09836734693877,154.87709750566893
4,154.87709750566893,197.1954648526077
5,197.1954648526077,198.35646258503402
6,198.35646258503402,203.1049433106576
