id,start,end,label
1,0.0,1.1609977324263039,
2,1.1609977324263039,112.50068027210884,
3,112.50068027210884,177.2843537414966,
4,177.2843537414966,191.4485260770975,
5,191.4485260770975,235.91473922902495,
6,235.91473922902495,250.14857142857142,
