id,start,end,label
1,0.0,91.83492063492064,
2,91.83492063492064,134.15328798185942,
3,134.15328798185942,227.43945578231293,
4,227.43945578231293,228.94875283446711,
5,228.94875283446711,230.98049886621314,
6,230.98049886621314,234.0803628117914,
