id,start,end,label
1,0.0,1.4512471655328798,
2,1.4512471655328798,19.79501133786848,
3,19.79501133786848,155.9219954648526,
4,155.9219954648526,190.7519274376417,
5,190.7519274376417,201.78140589569162,
6,201.78140589569162,203.00045351473923,
