id,start,end,label
1,3.7616326530612243,8.777142857142858,3
2,8.777142857142858,23.91655328798186,0
3,23.91655328798186,31.997097505668933,4
4,31.997097505668933,64.76045351473923,1
5,64.76045351473923,92.5082993197279,4
6,92.5082993197279,140.64326530612246,1
7,140.64326530612246,155.50403628117914,2
8,155.50403628117914,188.56925170068027,1
9,188.56925170068027,203.08172335600906,3
