id,start,end,label
1,0.11609977324263039,15.232290249433106,2
2,15.232290249433106,30.34848072562358,1
3,30.34848072562358,59.187664399092974,0
4,59.187664399092974,89.44326530612246,1
5,89.44326530612246,117.84126984126983,0
6,117.84126984126983,147.16807256235828,1
7,147.16807256235828,177.3772335600907,3
8,177.3772335600907,191.12344671201814,2
9,191.12344671201814,205.7752380952381,1
10,205.7752380952381,236.00761904761904,4
11,236.00761904761904,250.1253514739229,2
