id,start,end,label
1,0.0,26.23854875283447,
2,26.23854875283447,91.83492063492064,
3,91.83492063492064,113.60362811791383,
4,113.60362811791383,134.15328798185942,
5,134.15328798185942,203.6390022675737,
6,203.6390022675737,227.43945578231293,
7,227.43945578231293,228.94875283446711,
8,228.94875283446711,230.98049886621314,
9,230.98049886621314,234.0803628117914,
