id,start,end,label
1,0.046439909297052155,135.04725623582766,0
2,135.04725623582766,150.76716553287983,1
3,150.76716553287983,197.34639455782312,0
4,197.34639455782312,206.47183673469388,2
