id,start,end,label
1,0.23219954648526078,5.479909297052155,2
2,5.479909297052155,21.5481179138322,1
3,21.5481179138322,157.70993197278912,0
4,157.70993197278912,195.001179138322,1
5,195.001179138322,228.64689342403628,0
6,228.64689342403628,232.80326530612246,1
7,232.80326530612246,235.21814058956917,2
