id,start,end,label
1,0.11609977324263039,29.814421768707483,0
2,29.814421768707483,31.648798185941043,1
3,31.648798185941043,46.81142857142857,2
4,46.81142857142857,150.16344671201813,1
5,150.16344671201813,170.4344671201814,0
6,170.4344671201814,213.22884353741497,1
