id,start,end,label
1,0.23219954648526078,24.079092970521543,1
2,24.079092970521543,43.56063492063492,2
3,43.56063492063492,80.5732426303855,1
4,80.5732426303855,99.56716553287981,2
5,99.56716553287981,137.57823129251702,1
6,137.57823129251702,164.58303854875282,0
7,164.58303854875282,224.23510204081632,1
