id,start,end,label
1,2.020136054421769,26.70294784580499,3
2,26.70294784580499,45.836190476190474,1
3,45.836190476190474,69.35800453514739,0
4,69.35800453514739,90.69714285714285,1
5,90.69714285714285,91.37052154195011,0
6,91.37052154195011,112.68643990929705,2
7,112.68643990929705,115.37995464852608,0
8,115.37995464852608,158.03501133786847,1
9,158.03501133786847,200.69006802721088,2
10,200.69006802721088,220.68244897959184,0
11,220.68244897959184,234.05714285714285,3
