id,start,end,label
1,0.23219954648526078,5.479909297052155,1
2,5.479909297052155,21.037278911564627,2
3,21.037278911564627,161.86630385487527,0
4,161.86630385487527,192.93460317460318,2
5,192.93460317460318,228.64689342403628,0
6,228.64689342403628,232.80326530612246,2
7,232.80326530612246,235.21814058956917,1
