id,start,end,label
1,0.11609977324263039,15.975328798185942,3
2,15.975328798185942,32.55437641723356,2
3,32.55437641723356,149.2346485260771,0
4,149.2346485260771,178.2828117913832,2
5,178.2828117913832,191.1698866213152,0
6,191.1698866213152,193.02748299319728,2
7,193.02748299319728,209.58331065759637,0
8,209.58331065759637,213.22884353741497,1
