id,start,end,label
1,2.020136054421769,26.70294784580499,4
2,26.70294784580499,46.53278911564626,2
3,46.53278911564626,69.35800453514739,0
4,69.35800453514739,91.37052154195011,2
5,91.37052154195011,112.68643990929705,3
6,112.68643990929705,115.37995464852608,1
7,115.37995464852608,158.03501133786847,2
8,158.03501133786847,201.36344671201815,3
9,201.36344671201815,220.68244897959184,0
10,220.68244897959184,234.05714285714285,4
