id,start,end,label
1,0.11609977324263039,15.232290249433106,1
2,15.232290249433106,30.34848072562358,2
3,30.34848072562358,73.86267573696145,0
4,73.86267573696145,89.44326530612246,2
5,89.44326530612246,147.16807256235828,0
6,147.16807256235828,176.93605442176872,4
7,176.93605442176872,191.12344671201814,1
8,191.12344671201814,205.7752380952381,2
9,205.7752380952381,235.56643990929706,3
10,235.56643990929706,250.1253514739229,1
