id,start,end,label
1,2.020136054421769,26.02956916099773,3
2,26.02956916099773,69.35800453514739,4
3,69.35800453514739,90.69714285714285,0
4,90.69714285714285,112.68643990929705,2
5,112.68643990929705,158.03501133786847,0
6,158.03501133786847,201.36344671201815,2
7,201.36344671201815,220.68244897959184,1
8,220.68244897959184,234.05714285714285,3
