id,start,end,label
1,0.23219954648526078,4.96907029478458,3
2,4.96907029478458,20.48,2
3,20.48,35.5265306122449,1
4,35.5265306122449,62.43845804988662,0
5,62.43845804988662,93.50675736961452,1
6,93.50675736961452,129.24226757369615,0
7,129.24226757369615,162.37714285714284,1
8,162.37714285714284,195.001179138322,2
9,195.001179138322,210.53532879818593,0
10,210.53532879818593,228.64689342403628,4
11,228.64689342403628,235.21814058956917,3
