id,start,end,label
1,0.11609977324263039,15.232290249433106,2
2,15.232290249433106,147.16807256235828,1
3,147.16807256235828,176.4716553287982,0
4,176.4716553287982,191.12344671201814,2
5,191.12344671201814,235.56643990929706,1
6,235.56643990929706,250.1253514739229,2
