id,start,end,label
1,0.23219954648526078,21.037278911564627,1
2,21.037278911564627,33.97079365079365,0
3,33.97079365079365,62.43845804988662,2
4,62.43845804988662,75.39519274376417,0
5,75.39519274376417,79.01750566893423,2
6,79.01750566893423,91.9742403628118,0
7,91.9742403628118,129.24226757369615,2
8,129.24226757369615,161.86630385487527,0
9,161.86630385487527,191.8897052154195,1
10,191.8897052154195,228.64689342403628,2
11,228.64689342403628,235.21814058956917,1
