id,start,end,label
1,0.11609977324263039,29.350022675736962,1
2,29.350022675736962,32.113197278911564,2
3,32.113197278911564,47.322267573696145,0
4,47.322267573696145,77.7404081632653,2
5,77.7404081632653,86.98195011337869,1
6,86.98195011337869,151.97460317460317,2
7,151.97460317460317,177.8184126984127,1
8,177.8184126984127,208.23655328798185,2
9,208.23655328798185,213.22884353741497,0
