id,start,end,label
1,0.23219954648526078,24.079092970521543,2
2,24.079092970521543,44.07147392290249,1
3,44.07147392290249,79.5980045351474,2
4,79.5980045351474,100.56562358276643,1
5,100.56562358276643,135.58131519274377,2
6,135.58131519274377,159.5675283446712,0
7,159.5675283446712,212.06784580498865,2
8,212.06784580498865,220.68244897959184,0
9,220.68244897959184,224.23510204081632,2
