id,start,end,label
1,2.020136054421769,26.70294784580499,2
2,26.70294784580499,91.37052154195011,1
3,91.37052154195011,112.68643990929705,0
4,112.68643990929705,158.03501133786847,1
5,158.03501133786847,201.36344671201815,0
6,201.36344671201815,234.05714285714285,2
