id,start,end,label
1,0.23219954648526078,18.94748299319728,0
2,18.94748299319728,36.548208616780045,2
3,36.548208616780045,54.68299319727891,1
4,54.68299319727891,94.55165532879819,2
5,94.55165532879819,129.24226757369615,1
6,129.24226757369615,162.37714285714284,2
7,162.37714285714284,190.84480725623584,0
8,190.84480725623584,195.001179138322,2
9,195.001179138322,228.64689342403628,1
10,228.64689342403628,235.21814058956917,0
